Workbook

Sheet flags
A2: Flags
A4: =_xlfn.CONCAT($B$4,$C$4,D4) -> f.edss0 | B4: f. | C4: edss | D4: 0
A5: =_xlfn.CONCAT($B$4,$C$4,D5) -> f.edss1 | D5: 1
A6: =_xlfn.CONCAT($B$4,$C$4,D6) -> f.edss2 | D6: 2
A7: =_xlfn.CONCAT($B$4,$C$4,D7) -> f.edss3 | D7: 3
A8: =_xlfn.CONCAT($B$4,$C$4,D8) -> f.edss4 | D8: 4
A9: =_xlfn.CONCAT($B$4,$C$4,D9) -> f.edss5 | D9: 5
A10: =_xlfn.CONCAT($B$4,$C$4,D10) -> f.edss6 | D10: 6
A11: =_xlfn.CONCAT($B$4,$C$4,D11) -> f.edss7 | D11: 7
A12: =_xlfn.CONCAT($B$4,$C$4,D12) -> f.edss8 | D12: 8
A13: =_xlfn.CONCAT($B$4,$C$4,D13) -> f.edss9 | D13: 9
A15: =_xlfn.CONCAT($B$4,C15,D15) -> f.rrms | C15: rrms
A16: =_xlfn.CONCAT($B$4,C16,D16) -> f.spms | C16: spms
A17: =_xlfn.CONCAT($B$4,C17,D17) -> f.relapse | C17: relapse
A18: =_xlfn.CONCAT($B$4,C18,D18) -> f.rr2sp | C18: rr2sp
A20: =_xlfn.CONCAT($B$4,$C$20,D20) -> f.line1 | C20: line | D20: 1
A21: =_xlfn.CONCAT($B$4,$C$20,D21) -> f.line2 | D21: 2
A22: =_xlfn.CONCAT($B$4,$C$20,D22) -> f.line3 | D22: 3
A23: =_xlfn.CONCAT($B$4,$C$20,D23) -> f.line4 | D23: 4
C24: ae
A25: =_xlfn.CONCAT($B$4,$C$25,D25) -> f.tx.on | C25: tx. | D25: on
A26: =_xlfn.CONCAT($B$4,$C$25,D26) -> f.tx.off | D26: off
A28: =_xlfn.CONCAT($B$4,$C$25,D28) -> f.tx.nat | D28: =costs!F4 -> nat
A29: =_xlfn.CONCAT($B$4,$C$25,D29) -> f.tx.clab | D29: =costs!F5 -> clab
A30: =_xlfn.CONCAT($B$4,$C$25,D30) -> f.tx.fing | D30: =costs!F6 -> fing
A31: =_xlfn.CONCAT($B$4,$C$25,D31) -> f.tx.dac | D31: =costs!F7 -> dac
A32: =_xlfn.CONCAT($B$4,$C$25,D32) -> f.tx.alem | D32: =costs!F8 -> alem
A33: =_xlfn.CONCAT($B$4,$C$25,D33) -> f.tx.ib1a | D33: ib1a
A34: =_xlfn.CONCAT($B$4,$C$25,D34) -> f.tx.ib1b | D34: ib1b
A35: =_xlfn.CONCAT($B$4,$C$25,D35) -> f.tx.glat | D35: glat
A36: =_xlfn.CONCAT($B$4,$C$25,D36) -> f.tx.ofat | D36: ofat
A37: =_xlfn.CONCAT($B$4,$C$25,D37) -> f.tx.pone | D37: pone
A38: =_xlfn.CONCAT($B$4,$C$25,D38) -> f.tx.ahsct | D38: ahsct

Sheet utilities
A2: Utilities
A4: =_xlfn.CONCAT($B$4,$C$4,D4) -> u.edss0 | B4: u. | C4: edss | D4: 0
A5: =_xlfn.CONCAT($B$4,$C$4,D5) -> u.edss1 | D5: 1
A6: =_xlfn.CONCAT($B$4,$C$4,D6) -> u.edss2 | D6: 2
A7: =_xlfn.CONCAT($B$4,$C$4,D7) -> u.edss3 | D7: 3
A8: =_xlfn.CONCAT($B$4,$C$4,D8) -> u.edss4 | D8: 4
A9: =_xlfn.CONCAT($B$4,$C$4,D9) -> u.edss5 | D9: 5
A10: =_xlfn.CONCAT($B$4,$C$4,D10) -> u.edss6 | D10: 6
A11: =_xlfn.CONCAT($B$4,$C$4,D11) -> u.edss7 | D11: 7
A12: =_xlfn.CONCAT($B$4,$C$4,D12) -> u.edss8 | D12: 8
A13: =_xlfn.CONCAT($B$4,$C$4,D13) -> u.edss9 | D13: 9

Sheet costs
A2: Costs
A3: medical direct
A4: =_xlfn.CONCAT($B$4,$C$4,$D$4,E4) -> c.m_edss0 | B4: c. | C4: m_ | D4: edss | E4: 0 | F4: nat
A5: =_xlfn.CONCAT($B$4,$C$4,$D$4,E5) -> c.m_edss1 | C5: nm_ | E5: 1 | F5: clab
A6: =_xlfn.CONCAT($B$4,$C$4,$D$4,E6) -> c.m_edss2 | C6: tx_ | E6: 2 | F6: fing
A7: =_xlfn.CONCAT($B$4,$C$4,$D$4,E7) -> c.m_edss3 | E7: 3 | F7: dac
A8: =_xlfn.CONCAT($B$4,$C$4,$D$4,E8) -> c.m_edss4 | E8: 4 | F8: alem
A9: =_xlfn.CONCAT($B$4,$C$4,$D$4,E9) -> c.m_edss5 | E9: 5
A10: =_xlfn.CONCAT($B$4,$C$4,$D$4,E10) -> c.m_edss6 | E10: 6
A11: =_xlfn.CONCAT($B$4,$C$4,$D$4,E11) -> c.m_edss7 | E11: 7
A12: =_xlfn.CONCAT($B$4,$C$4,$D$4,E12) -> c.m_edss8 | E12: 8
A13: =_xlfn.CONCAT($B$4,$C$4,$D$4,E13) -> c.m_edss9 | E13: 9
A14: non-medical direct
A15: =_xlfn.CONCAT($B$4,$C$5,$D$4,E4) -> c.nm_edss0
A16: =_xlfn.CONCAT($B$4,$C$5,$D$4,E5) -> c.nm_edss1
A17: =_xlfn.CONCAT($B$4,$C$5,$D$4,E6) -> c.nm_edss2
A18: =_xlfn.CONCAT($B$4,$C$5,$D$4,E7) -> c.nm_edss3
A19: =_xlfn.CONCAT($B$4,$C$5,$D$4,E8) -> c.nm_edss4
A20: =_xlfn.CONCAT($B$4,$C$5,$D$4,E9) -> c.nm_edss5
A21: =_xlfn.CONCAT($B$4,$C$5,$D$4,E10) -> c.nm_edss6
A22: =_xlfn.CONCAT($B$4,$C$5,$D$4,E11) -> c.nm_edss7
A23: =_xlfn.CONCAT($B$4,$C$5,$D$4,E12) -> c.nm_edss8
A24: =_xlfn.CONCAT($B$4,$C$5,$D$4,E13) -> c.nm_edss9
A28: treatments
A29: =_xlfn.CONCAT($B$4,$C$6,F4) -> c.tx_nat
A30: =_xlfn.CONCAT($B$4,$C$6,F5) -> c.tx_clab
A31: =_xlfn.CONCAT($B$4,$C$6,F6) -> c.tx_fing
A32: =_xlfn.CONCAT($B$4,$C$6,F7) -> c.tx_dac
A33: =_xlfn.CONCAT($B$4,$C$6,F8) -> c.tx_alem

Sheet naturalhistory
A2: Natural History
A4: =_xlfn.CONCAT($B$4,$C$4,D4) -> nh0 | C4: nh | D4: 0
A5: =_xlfn.CONCAT($B$4,$C$4,D5) -> nh1 | D5: 1
A6: =_xlfn.CONCAT($B$4,$C$4,D6) -> nh2 | D6: 2
A7: =_xlfn.CONCAT($B$4,$C$4,D7) -> nh3 | D7: 3
A8: =_xlfn.CONCAT($B$4,$C$4,D8) -> nh4 | D8: 4
A9: =_xlfn.CONCAT($B$4,$C$4,D9) -> nh5 | D9: 5
A10: =_xlfn.CONCAT($B$4,$C$4,D10) -> nh6 | D10: 6
A11: =_xlfn.CONCAT($B$4,$C$4,D11) -> nh7 | D11: 7
A12: =_xlfn.CONCAT($B$4,$C$4,D12) -> nh8 | D12: 8
A13: =_xlfn.CONCAT($B$4,$C$4,D13) -> nh9 | D13: 9

Sheet events.severity
A2: initial events | B2: start | C2: edss0 | D2: edss1 | E2: edss2 | F2: edss3 | G2: edss4 | H2: edss5 | I2: edss6 | J2: edss7 | K2: edss8 | L2: edss9
A3: reaction events | B3: -
A4: flags
A5: =flags!A4 -> f.edss0 | B5: 1 | C5: 0 | D5: =C5 -> 0 | E5: =D5 -> 0 | F5: =E5 -> 0 | G5: =F5 -> 0 | H5: =G5 -> 0 | I5: =H5 -> 0 | J5: =I5 -> 0 | K5: =J5 -> 0 | L5: =K5 -> 0
A6: =flags!A5 -> f.edss1 | B6: 0 | C6: 1 | D6: 0 | E6: =D6 -> 0 | F6: =E6 -> 0 | G6: =F6 -> 0 | H6: =G6 -> 0 | I6: =H6 -> 0 | J6: =I6 -> 0 | K6: =J6 -> 0 | L6: =K6 -> 0
A7: =flags!A6 -> f.edss2 | B7: 0 | C7: =B7 -> 0 | D7: 1 | E7: 0 | F7: =E7 -> 0 | G7: =F7 -> 0 | H7: =G7 -> 0 | I7: =H7 -> 0 | J7: =I7 -> 0 | K7: =J7 -> 0 | L7: =K7 -> 0
A8: =flags!A7 -> f.edss3 | B8: 0 | C8: =B8 -> 0 | D8: =C8 -> 0 | E8: 1 | F8: 0 | G8: =F8 -> 0 | H8: =G8 -> 0 | I8: =H8 -> 0 | J8: =I8 -> 0 | K8: =J8 -> 0 | L8: =K8 -> 0
A9: =flags!A8 -> f.edss4 | B9: 0 | C9: =B9 -> 0 | D9: =C9 -> 0 | E9: =D9 -> 0 | F9: 1 | G9: 0 | H9: =G9 -> 0 | I9: =H9 -> 0 | J9: =I9 -> 0 | K9: =J9 -> 0 | L9: =K9 -> 0
A10: =flags!A9 -> f.edss5 | B10: 0 | C10: =B10 -> 0 | D10: =C10 -> 0 | E10: =D10 -> 0 | F10: =E10 -> 0 | G10: 1 | H10: 0 | I10: =H10 -> 0 | J10: =I10 -> 0 | K10: =J10 -> 0 | L10: =K10 -> 0
A11: =flags!A10 -> f.edss6 | B11: 0 | C11: =B11 -> 0 | D11: =C11 -> 0 | E11: =D11 -> 0 | F11: =E11 -> 0 | G11: =F11 -> 0 | H11: 1 | I11: 0 | J11: =I11 -> 0 | K11: =J11 -> 0 | L11: =K11 -> 0
A12: =flags!A11 -> f.edss7 | B12: 0 | C12: =B12 -> 0 | D12: =C12 -> 0 | E12: =D12 -> 0 | F12: =E12 -> 0 | G12: =F12 -> 0 | H12: =G12 -> 0 | I12: 1 | J12: 0 | K12: =J12 -> 0 | L12: =K12 -> 0
A13: =flags!A12 -> f.edss8 | B13: 0 | C13: =B13 -> 0 | D13: =C13 -> 0 | E13: =D13 -> 0 | F13: =E13 -> 0 | G13: =F13 -> 0 | H13: =G13 -> 0 | I13: =H13 -> 0 | J13: 1 | K13: 0 | L13: =K13 -> 0
A14: =flags!A13 -> f.edss9 | B14: 0 | C14: =B14 -> 0 | D14: =C14 -> 0 | E14: =D14 -> 0 | F14: =E14 -> 0 | G14: =F14 -> 0 | H14: =G14 -> 0 | I14: =H14 -> 0 | J14: =I14 -> 0 | K14: 1 | L14: 0
A15: f.dead | E15: =D15 -> 0 | F15: =E15 -> 0 | G15: =F15 -> 0 | H15: =G15 -> 0 | I15: =H15 -> 0 | J15: =I15 -> 0 | K15: =J15 -> 0 | L15: 1

Sheet events.tx
A2: initial events | B2: start | C2: edss0 | D2: edss1
A3: reaction events | B3: -
A4: flags
A5: =flags!A15 -> f.rrms | B5: 1
A6: =flags!A16 -> f.spms | B6: 0
A7: =flags!A17 -> f.relapse | B7: 0
A8: =flags!A18 -> f.rr2sp | B8: 0
A10: =flags!A20 -> f.line1 | B10: 1
A11: =flags!A21 -> f.line2 | B11: 0
A12: =flags!A22 -> f.line3 | B12: 0
A13: =flags!A23 -> f.line4 | B13: 0
A15: =flags!A25 -> f.tx.on | B15: 1
A16: =flags!A26 -> f.tx.off | B16: 0
A18: =flags!A28 -> f.tx.nat | B18: 0
A19: =flags!A29 -> f.tx.clab | B19: 0
... A28: =flags!A38 -> f.tx.ahsct | B28: 0

Sheet events (3)
A2: initial events | B2: start
A3: reaction events | B3: -
A4: flags
A5: =flags!A4 -> f.edss0 | B5: 1
A6: =flags!A5 -> f.edss1 | B6: 0
A7: =flags!A6 -> f.edss2 | B7: 0
A8: =flags!A7 -> f.edss3 | B8: 0
A9: =flags!A8 -> f.edss4 | B9: 0
A10: =flags!A9 -> f.edss5 | B10: 0
A11: =flags!A10 -> f.edss6 | B11: 0
A12: =flags!A11 -> f.edss7 | B12: 0
A13: =flags!A12 -> f.edss8 | B13: 0
A14: =flags!A13 -> f.edss9 | B14: 0
A16: =flags!A15 -> f.rrms | B16: 1
A17: =flags!A16 -> f.spms | B17: 0
... A39: =flags!A38 -> f.tx.ahsct | B39: 0
