Workbook

Sheet info
B1: Serious Adverse events | C1: Incidence | D1: Weight | E1: Cost | F1: source | H1: Utility decrement (annual) | I1: duration | J1: Utility decrement (per event) | K1: source
B2: Cholelithiasis | C2: 0.01 | D2: =C2/SUM($C$2:$C$10) -> 0.11111111 | E2: 9006.3522 | G2: GA10H Laparoscopic Cholecystectomy, 19 years and over, with CC Score 4+ (average on-elective long stay HRG cost) | J2: 0
B3: Need for rehabilitation therapy | C3: 0.01 | D3: =C3/SUM($C$2:$C$10) -> 0.11111111 | E3: 618.37825 | G3: VC12Z Rehabilitation for Other Neurological Disorders (average total HRG cost) | J3: 0
B4: Urinary tract infection | C4: 0.01 | D4: =C4/SUM($C$2:$C$10) -> 0.11111111 | E4: 7041.0127 | G4: LA04H Kidney or Urinary Tract Infections, with Interventions, with CC Score 12+ (average non-elective long stay HRG cost) | H4: -0.1 | I4: 5 | J4: =H4/365.25*I4 -> -0.0013689254 | K4: TA767, TA699
B5: Depression | C5: 0.01 | D5: =C5/SUM($C$2:$C$10) -> 0.11111111 | E5: =449.180326951332 +(51*413.18) -> 21521.36 | F5: TA533 | G5: 52x WF01B/C Medical Psychotherapy Service Concultant led Non-Admitted Face-to-Face Attendance first visit / follow up visits | H5: -0.56 | I5: 365.25 | J5: =H5/365.25*I5 -> -0.56 | K5: TA699
B6: Anaphylactic reaction | C6: 0.01 | D6: =C6/SUM($C$2:$C$10) -> 0.11111111 | E6: 3236 | F6: TA616, TA127 | G6: DZ22L unspecified acute lower respiratory infection, with interventions, CC 0-8 (average total HRG cost) | H6: -1 | I6: 7 | J6: =H6/365.25*I6 -> -0.019164956 | K6: TA312
B7: Hypersensitivity reaction | C7: 0.01 | D7: =C7/SUM($C$2:$C$10) -> 0.11111111 | E7: 541.61144 | G7: WH05Z Allergy or Adverse Allergic Reaction (average total HRG Cost) | H7: -1 | I7: 7 | J7: =H7/365.25*I7 -> -0.019164956 | K7: TA616
B8: Breast cancer | C8: 0.01 | D8: =C8/SUM($C$2:$C$10) -> 0.11111111 | E8: 14212.825 | F8: TA616 | G8: CB0A1 Malignant, Ear, Nose, Mouth, Throat or Neck Disorders, with Interventions, with CC Score 9+ (average non-elective long stay HRG cost) | H8: -0.116 | I8: 365.25 | J8: =H8/365.25*I8 -> -0.116 | K8: TA616
B9: Gastritis | C9: 0.01 | D9: =C9/SUM($C$2:$C$10) -> 0.11111111 | E9: 706.539 | F9: TA616 | G9: FD05B Abdominal Pain without Interventions (average total HRG cost) | H9: -0.07 | I9: 24.5 | J9: =H9/365.25*I9 -> -0.0046954141 | K9: TA616
B10: PML | C10: 0.01 | D10: =C10/SUM($C$2:$C$10) -> 0.11111111 | E10: =334+934+1645.02+11420 -> 14333.02 | F10: TA533 | G10: RD07Z Magnetic Resonance Imaging Scan Requiring Extensive Patient Repositioning (average total HRG cost £334) SA44A single Plasma Exchange (average non-elctive long stay HRG cost £934) HC72A Diagnostic Spinal Puncture, 19 years and over (average non-elective inpatient long stay HRG cost £1,645.02) WH07A Hospitalisation Infections or other complications of proceedures with Multiple Intervantions with CC Score 2+ (avearge non-elective long stay HRG cost £11,420) | H10: -0.3 | I10: 365.25 | J10: =H10/365.25*I10 -> -0.3 | K10: TA767, TA699
B11: Fall | C11: 0.01
B12: Convulsion | C12: 0.01
B13: cervical dysplasia | C13: 0.01
B14: Alcohol poisoning | C14: 0.01
B15: Head injury | C15: 0.01
B16: Thermal burn | C16: 0.01
B17: Total Weighted average | E17: =SUMPRODUCT(E2:E10,D2:D10) -> 7913.011 | J17: =SUMPRODUCT(J2:J10,D2:D10) -> -0.11337714
B19: Tables 72 & 75 in TA 127, not comprehensive!

Sheet model_input
A1: =info!B1 -> Serious Adverse events | B1: =info!C1 -> Incidence | C1: =info!D1 -> Weight | D1: =info!E1 -> Cost | E1: Utility decrement
A2: =info!B2 -> Cholelithiasis | B2: =info!C2 -> 0.01 | C2: =info!D2 -> 0.11111111 | D2: =info!E2 -> 9006.3522 | E2: =info!J2 -> 0
A3: =info!B3 -> Need for rehabilitation therapy | B3: =info!C3 -> 0.01 | C3: =info!D3 -> 0.11111111 | D3: =info!E3 -> 618.37825 | E3: =info!J3 -> 0
A4: =info!B4 -> Urinary tract infection | B4: =info!C4 -> 0.01 | C4: =info!D4 -> 0.11111111 | D4: =info!E4 -> 7041.0127 | E4: =info!J4 -> -0.0013689254
A5: =info!B5 -> Depression | B5: =info!C5 -> 0.01 | C5: =info!D5 -> 0.11111111 | D5: =info!E5 -> 21521.36 | E5: =info!J5 -> -0.56
A6: =info!B6 -> Anaphylactic reaction | B6: =info!C6 -> 0.01 | C6: =info!D6 -> 0.11111111 | D6: =info!E6 -> 3236 | E6: =info!J6 -> -0.019164956
A7: =info!B7 -> Hypersensitivity reaction | B7: =info!C7 -> 0.01 | C7: =info!D7 -> 0.11111111 | D7: =info!E7 -> 541.61144 | E7: =info!J7 -> -0.019164956
A8: =info!B8 -> Breast cancer | B8: =info!C8 -> 0.01 | C8: =info!D8 -> 0.11111111 | D8: =info!E8 -> 14212.825 | E8: =info!J8 -> -0.116
A9: =info!B9 -> Gastritis | B9: =info!C9 -> 0.01 | C9: =info!D9 -> 0.11111111 | D9: =info!E9 -> 706.539 | E9: =info!J9 -> -0.0046954141
A10: =info!B10 -> PML | B10: =info!C10 -> 0.01 | C10: =info!D10 -> 0.11111111 | D10: =info!E10 -> 14333.02 | E10: =info!J10 -> -0.3
