Workbook

Sheet results warden vs descem determ
A1: ='results descem determenistic 10'!A1 -> DESCEM | B1: ='results descem determenistic 10'!B1 -> Total costs (95% CrI) | C1: ='results descem determenistic 10'!C1 -> Total QALYs (95% CrI) | D1: ='results descem determenistic 10'!D1 -> Net benefit at Â£20,000/QALY (95% CrI) | E1: ='results descem determenistic 10'!E1 -> Net benefit at Â£30,000/QALY (95% CrI) | F1: ='results descem determenistic 10'!F1 -> Incremental costs (95% CrI) | G1: ='results descem determenistic 10'!G1 -> Incremental QALYs (95% CrI) | H1: ='results descem determenistic 10'!H1 -> INB at Â£20,000/QALY (95% CrI) | ... K1: ='results descem determenistic 10'!K1 -> CEAC at Â£30,000/QALY
A2: ='results descem determenistic 10'!A2 -> Natalizumab-IV | B2: ='results descem determenistic 10'!B2 -> 351,767.81 (349,591.07, 354,623.63) | C2: ='results descem determenistic 10'!C2 -> 11.38 (11.21, 11.65) | D2: ='results descem determenistic 10'!D2 -> -124,251.55 (-129,843.49, -119,307.99) | E2: ='results descem determenistic 10'!E2 -> -10,493.42 (-17,774.04, -2,886.93) | F2: ='results descem determenistic 10'!F2 -> 0.00 (0.00, 0.00) | G2: ='results descem determenistic 10'!G2 -> 0.00 (0.00, 0.00) | H2: ='results descem determenistic 10'!H2 -> 0.00 (0.00, 0.00) | ... K2: ='results descem determenistic 10'!K2 -> 0
A3: ='results descem determenistic 10'!A3 -> Natalizumab-SC | B3: ='results descem determenistic 10'!B3 -> 325,922.39 (320,647.51, 331,668.21) | C3: ='results descem determenistic 10'!C3 -> 11.42 (11.14, 11.61) | D3: ='results descem determenistic 10'!D3 -> -97,619.16 (-103,706.12, -93,085.88) | E3: ='results descem determenistic 10'!E3 -> 16,532.45 (8,166.11, 21,857.56) | F3: ='results descem determenistic 10'!F3 -> -25,845.42 (-31,424.25, -20,654.80) | G3: ='results descem determenistic 10'!G3 -> 0.039 (-0.35, 0.30) | H3: ='results descem determenistic 10'!H3 -> 26,632.39 (23,268.34, 32,198.58) | ... K3: ='results descem determenistic 10'!K3 -> 1
A4: ='results descem determenistic 10'!A4 -> Natalizumab biosimilar-IV | B4: ='results descem determenistic 10'!B4 -> 342,167.73 (337,952.75, 346,469.63) | C4: ='results descem determenistic 10'!C4 -> 11.46 (11.35, 11.64) | D4: ='results descem determenistic 10'!D4 -> -113,011.07 (-116,356.12, -109,542.94) | E4: ='results descem determenistic 10'!E4 -> 1,567.26 (-2,105.81, 6,567.80) | F4: ='results descem determenistic 10'!F4 -> -9,600.08 (-14,069.26, -6,285.29) | G4: ='results descem determenistic 10'!G4 -> 0.082 (-0.10, 0.26) | H4: ='results descem determenistic 10'!H4 -> 11,240.48 (7,242.15, 16,491.94) | ... K4: ='results descem determenistic 10'!K4 -> 0
A5: ='results descem determenistic 10'!A5 -> Ublituximab | B5: ='results descem determenistic 10'!B5 -> 389,298.56 (385,139.93, 391,649.12) | C5: ='results descem determenistic 10'!C5 -> 11.34 (11.20, 11.46) | D5: ='results descem determenistic 10'!D5 -> -162,455.98 (-164,539.26, -160,692.42) | E5: ='results descem determenistic 10'!E5 -> -49,034.70 (-51,416.71, -46,588.98) | F5: ='results descem determenistic 10'!F5 -> 37,530.76 (32,782.61, 40,767.33) | G5: ='results descem determenistic 10'!G5 -> -0.034 (-0.41, 0.19) | H5: ='results descem determenistic 10'!H5 -> -38,204.43 (-41,536.46, -34,547.34) | ... K5: ='results descem determenistic 10'!K5 -> 0
A6: ='results descem determenistic 10'!A6 -> Ofatumumab | B6: ='results descem determenistic 10'!B6 -> 390,948.77 (387,360.86, 394,350.80) | C6: ='results descem determenistic 10'!C6 -> 11.42 (11.14, 11.60) | D6: ='results descem determenistic 10'!D6 -> -162,577.89 (-166,015.78, -159,484.55) | E6: ='results descem determenistic 10'!E6 -> -48,392.46 (-54,392.58, -44,016.08) | F6: ='results descem determenistic 10'!F6 -> 39,180.96 (34,826.41, 43,593.84) | G6: ='results descem determenistic 10'!G6 -> 0.043 (-0.47, 0.35) | H6: ='results descem determenistic 10'!H6 -> -38,326.34 (-46,520.60, -32,085.83) | ... K6: ='results descem determenistic 10'!K6 -> 0
A7: ='results descem determenistic 10'!A7 -> Ocrelizumab | B7: ='results descem determenistic 10'!B7 -> 412,864.45 (409,758.08, 418,414.00) | C7: ='results descem determenistic 10'!C7 -> 11.36 (11.21, 11.69) | D7: ='results descem determenistic 10'!D7 -> -185,635.63 (-188,480.40, -182,103.67) | E7: ='results descem determenistic 10'!E7 -> -72,021.22 (-75,501.94, -66,621.48) | F7: ='results descem determenistic 10'!F7 -> 61,096.64 (55,146.68, 68,608.62) | G7: ='results descem determenistic 10'!G7 -> -0.014 (-0.26, 0.34) | H7: ='results descem determenistic 10'!H7 -> -61,384.08 (-67,210.04, -53,340.17) | ... K7: ='results descem determenistic 10'!K7 -> 0
A9: ='results warden determenistic 10'!A1 -> WARDEN | B9: ='results warden determenistic 10'!B1 -> Total costs (95% CrI) | C9: ='results warden determenistic 10'!C1 -> Total QALYs (95% CrI) | D9: ='results warden determenistic 10'!D1 -> Net benefit at Â£20,000/QALY (95% CrI) | E9: ='results warden determenistic 10'!E1 -> Net benefit at Â£30,000/QALY (95% CrI) | F9: ='results warden determenistic 10'!F1 -> Incremental costs (95% CrI) | G9: ='results warden determenistic 10'!G1 -> Incremental QALYs (95% CrI) | H9: ='results warden determenistic 10'!H1 -> INB at Â£20,000/QALY (95% CrI) | ... K9: ='results warden determenistic 10'!K1 -> CEAC at Â£30,000/QALY
A10: ='results warden determenistic 10'!A2 -> Natalizumab-IV | B10: ='results warden determenistic 10'!B2 -> 413,706.60 (409,522.40, 416,416.26) | C10: ='results warden determenistic 10'!C2 -> 12.56 (12.40, 12.81) | D10: ='results warden determenistic 10'!D2 -> -162,444.83 (-168,024.42, -156,973.19) | E10: ='results warden determenistic 10'!E2 -> -36,813.94 (-43,911.55, -30,216.12) | F10: ='results warden determenistic 10'!F2 -> 0.00 (0.00, 0.00) | G10: ='results warden determenistic 10'!G2 -> 0.00 (0.00, 0.00) | H10: ='results warden determenistic 10'!H2 -> 0.00 (0.00, 0.00) | ... K10: ='results warden determenistic 10'!K2 -> 0
A11: ='results warden determenistic 10'!A3 -> Natalizumab-SC | B11: ='results warden determenistic 10'!B3 -> 387,926.19 (384,051.96, 394,449.02) | C11: ='results warden determenistic 10'!C3 -> 12.79 (12.68, 12.91) | D11: ='results warden determenistic 10'!D3 -> -132,158.05 (-139,378.52, -126,857.49) | E11: ='results warden determenistic 10'!E3 -> -4,273.97 (-11,969.86, 1,994.33) | F11: ='results warden determenistic 10'!F3 -> -25,780.41 (-30,662.76, -19,887.10) | G11: ='results warden determenistic 10'!G3 -> 0.23 (0.032, 0.42) | H11: ='results warden determenistic 10'!H3 -> 30,286.78 (24,190.57, 36,451.72) | ... K11: ='results warden determenistic 10'!K3 -> 1
A12: ='results warden determenistic 10'!A4 -> Natalizumab biosimilar-IV | B12: ='results warden determenistic 10'!B4 -> 405,650.98 (403,504.11, 408,895.64) | C12: ='results warden determenistic 10'!C4 -> 12.83 (12.69, 12.98) | D12: ='results warden determenistic 10'!D4 -> -148,983.95 (-154,629.45, -145,522.66) | E12: ='results warden determenistic 10'!E4 -> -20,650.44 (-27,663.63, -16,101.17) | F12: ='results warden determenistic 10'!F4 -> -8,055.62 (-11,345.35, -4,410.03) | G12: ='results warden determenistic 10'!G4 -> 0.27 (0.12, 0.39) | H12: ='results warden determenistic 10'!H4 -> 13,460.87 (8,844.52, 18,830.38) | ... K12: ='results warden determenistic 10'!K4 -> 0
A13: ='results warden determenistic 10'!A5 -> Ublituximab | B13: ='results warden determenistic 10'!B5 -> 438,994.67 (435,032.43, 445,126.49) | C13: ='results warden determenistic 10'!C5 -> 12.84 (12.71, 13.05) | D13: ='results warden determenistic 10'!D5 -> -182,250.92 (-188,152.86, -177,949.63) | E13: ='results warden determenistic 10'!E5 -> -53,879.05 (-59,666.04, -47,725.75) | F13: ='results warden determenistic 10'!F5 -> 25,288.07 (22,006.52, 29,422.49) | G13: ='results warden determenistic 10'!G5 -> 0.27 (0.11, 0.45) | H13: ='results warden determenistic 10'!H5 -> -19,806.09 (-24,462.60, -15,165.24) | ... K13: ='results warden determenistic 10'!K5 -> 0
A14: ='results warden determenistic 10'!A6 -> Ofatumumab | B14: ='results warden determenistic 10'!B6 -> 459,663.33 (456,150.21, 464,874.56) | C14: ='results warden determenistic 10'!C6 -> 12.86 (12.61, 13.03) | D14: ='results warden determenistic 10'!D6 -> -202,562.02 (-209,358.40, -197,892.95) | E14: ='results warden determenistic 10'!E6 -> -74,011.36 (-82,953.73, -68,321.90) | F14: ='results warden determenistic 10'!F6 -> 45,956.73 (42,453.03, 51,896.17) | G14: ='results warden determenistic 10'!G6 -> 0.29 (0.17, 0.42) | H14: ='results warden determenistic 10'!H6 -> -40,117.19 (-45,978.80, -35,162.51) | ... K14: ='results warden determenistic 10'!K6 -> 0
A15: ='results warden determenistic 10'!A7 -> Ocrelizumab | B15: ='results warden determenistic 10'!B7 -> 478,864.81 (476,112.00, 482,057.19) | C15: ='results warden determenistic 10'!C7 -> 13.07 (12.96, 13.17) | D15: ='results warden determenistic 10'!D7 -> -217,427.73 (-220,101.86, -214,039.63) | E15: ='results warden determenistic 10'!E7 -> -86,709.19 (-89,214.96, -82,445.29) | F15: ='results warden determenistic 10'!F7 -> 65,158.21 (61,697.82, 69,054.86) | G15: ='results warden determenistic 10'!G7 -> 0.51 (0.36, 0.65) | H15: ='results warden determenistic 10'!H7 -> -54,982.91 (-59,153.29, -50,641.59) | ... K15: ='results warden determenistic 10'!K7 -> 0

Sheet results descem determenistic 10
A1: DESCEM | B1: Total costs (95% CrI) | C1: Total QALYs (95% CrI) | D1: Net benefit at Â£20,000/QALY (95% CrI) | E1: Net benefit at Â£30,000/QALY (95% CrI) | F1: Incremental costs (95% CrI) | G1: Incremental QALYs (95% CrI) | H1: INB at Â£20,000/QALY (95% CrI) | I1: INB at Â£30,000/QALY (95% CrI) | J1: CEAC at Â£20,000/QALY | K1: CEAC at Â£30,000/QALY
A2: Natalizumab-IV | B2: 351,767.81 (349,591.07, 354,623.63) | C2: 11.38 (11.21, 11.65) | D2: -124,251.55 (-129,843.49, -119,307.99) | E2: -10,493.42 (-17,774.04, -2,886.93) | F2: 0.00 (0.00, 0.00) | G2: 0.00 (0.00, 0.00) | H2: 0.00 (0.00, 0.00) | I2: 0.00 (0.00, 0.00) | J2: 0 | K2: 0
A3: Natalizumab-SC | B3: 325,922.39 (320,647.51, 331,668.21) | C3: 11.42 (11.14, 11.61) | D3: -97,619.16 (-103,706.12, -93,085.88) | E3: 16,532.45 (8,166.11, 21,857.56) | F3: -25,845.42 (-31,424.25, -20,654.80) | G3: 0.039 (-0.35, 0.30) | H3: 26,632.39 (23,268.34, 32,198.58) | I3: 27,025.87 (20,877.19, 34,635.05) | J3: 1 | K3: 1
A4: Natalizumab biosimilar-IV | B4: 342,167.73 (337,952.75, 346,469.63) | C4: 11.46 (11.35, 11.64) | D4: -113,011.07 (-116,356.12, -109,542.94) | E4: 1,567.26 (-2,105.81, 6,567.80) | F4: -9,600.08 (-14,069.26, -6,285.29) | G4: 0.082 (-0.10, 0.26) | H4: 11,240.48 (7,242.15, 16,491.94) | I4: 12,060.68 (6,570.96, 18,056.60) | J4: 0 | K4: 0
A5: Ublituximab | B5: 389,298.56 (385,139.93, 391,649.12) | C5: 11.34 (11.20, 11.46) | D5: -162,455.98 (-164,539.26, -160,692.42) | E5: -49,034.70 (-51,416.71, -46,588.98) | F5: 37,530.76 (32,782.61, 40,767.33) | G5: -0.034 (-0.41, 0.19) | H5: -38,204.43 (-41,536.46, -34,547.34) | I5: -38,541.27 (-45,601.54, -33,327.22) | J5: 0 | K5: 0
A6: Ofatumumab | B6: 390,948.77 (387,360.86, 394,350.80) | C6: 11.42 (11.14, 11.60) | D6: -162,577.89 (-166,015.78, -159,484.55) | E6: -48,392.46 (-54,392.58, -44,016.08) | F6: 39,180.96 (34,826.41, 43,593.84) | G6: 0.043 (-0.47, 0.35) | H6: -38,326.34 (-46,520.60, -32,085.83) | I6: -37,899.03 (-51,108.70, -28,844.24) | J6: 0 | K6: 0
A7: Ocrelizumab | B7: 412,864.45 (409,758.08, 418,414.00) | C7: 11.36 (11.21, 11.69) | D7: -185,635.63 (-188,480.40, -182,103.67) | E7: -72,021.22 (-75,501.94, -66,621.48) | F7: 61,096.64 (55,146.68, 68,608.62) | G7: -0.014 (-0.26, 0.34) | H7: -61,384.08 (-67,210.04, -53,340.17) | I7: -61,527.79 (-69,422.64, -52,230.86) | J7: 0 | K7: 0

Sheet results warden determenistic 10
A1: WARDEN | B1: Total costs (95% CrI) | C1: Total QALYs (95% CrI) | D1: Net benefit at Â£20,000/QALY (95% CrI) | E1: Net benefit at Â£30,000/QALY (95% CrI) | F1: Incremental costs (95% CrI) | G1: Incremental QALYs (95% CrI) | H1: INB at Â£20,000/QALY (95% CrI) | I1: INB at Â£30,000/QALY (95% CrI) | J1: CEAC at Â£20,000/QALY | K1: CEAC at Â£30,000/QALY
A2: Natalizumab-IV | B2: 413,706.60 (409,522.40, 416,416.26) | C2: 12.56 (12.40, 12.81) | D2: -162,444.83 (-168,024.42, -156,973.19) | E2: -36,813.94 (-43,911.55, -30,216.12) | F2: 0.00 (0.00, 0.00) | G2: 0.00 (0.00, 0.00) | H2: 0.00 (0.00, 0.00) | I2: 0.00 (0.00, 0.00) | J2: 0 | K2: 0
A3: Natalizumab-SC | B3: 387,926.19 (384,051.96, 394,449.02) | C3: 12.79 (12.68, 12.91) | D3: -132,158.05 (-139,378.52, -126,857.49) | E3: -4,273.97 (-11,969.86, 1,994.33) | F3: -25,780.41 (-30,662.76, -19,887.10) | G3: 0.23 (0.032, 0.42) | H3: 30,286.78 (24,190.57, 36,451.72) | I3: 32,539.97 (26,031.77, 40,370.31) | J3: 1 | K3: 1
A4: Natalizumab biosimilar-IV | B4: 405,650.98 (403,504.11, 408,895.64) | C4: 12.83 (12.69, 12.98) | D4: -148,983.95 (-154,629.45, -145,522.66) | E4: -20,650.44 (-27,663.63, -16,101.17) | F4: -8,055.62 (-11,345.35, -4,410.03) | G4: 0.27 (0.12, 0.39) | H4: 13,460.87 (8,844.52, 18,830.38) | I4: 16,163.50 (10,648.87, 22,770.96) | J4: 0 | K4: 0
A5: Ublituximab | B5: 438,994.67 (435,032.43, 445,126.49) | C5: 12.84 (12.71, 13.05) | D5: -182,250.92 (-188,152.86, -177,949.63) | E5: -53,879.05 (-59,666.04, -47,725.75) | F5: 25,288.07 (22,006.52, 29,422.49) | G5: 0.27 (0.11, 0.45) | H5: -19,806.09 (-24,462.60, -15,165.24) | I5: -17,065.11 (-23,294.57, -11,574.21) | J5: 0 | K5: 0
A6: Ofatumumab | B6: 459,663.33 (456,150.21, 464,874.56) | C6: 12.86 (12.61, 13.03) | D6: -202,562.02 (-209,358.40, -197,892.95) | E6: -74,011.36 (-82,953.73, -68,321.90) | F6: 45,956.73 (42,453.03, 51,896.17) | G6: 0.29 (0.17, 0.42) | H6: -40,117.19 (-45,978.80, -35,162.51) | I6: -37,197.42 (-43,565.63, -31,020.67) | J6: 0 | K6: 0
A7: Ocrelizumab | B7: 478,864.81 (476,112.00, 482,057.19) | C7: 13.07 (12.96, 13.17) | D7: -217,427.73 (-220,101.86, -214,039.63) | E7: -86,709.19 (-89,214.96, -82,445.29) | F7: 65,158.21 (61,697.82, 69,054.86) | G7: 0.51 (0.36, 0.65) | H7: -54,982.91 (-59,153.29, -50,641.59) | I7: -49,895.25 (-54,571.35, -44,376.06) | J7: 0 | K7: 0
